10TH        ST N10TH        ST S11TH        ST11TH        ST N11TH        ST S12TH        ST N12TH        ST S13TH        ST13TH        ST N13TH        ST S14TH        ST14TH        ST N14TH        ST S15TH        ST N15TH        ST S16TH        ST N16TH        ST S17TH        ST N17TH        ST S18TH        ST N18TH        ST S19TH        ST N19TH        ST S1ST         ST1ST         ST E1ST         ST W20TH        ST N20TH        ST S21ST        ST N21ST        ST S22ND        ST N22ND        ST S23RD        ST N23RD        ST S23RD ST.       N24TH        ST N24TH        ST S25TH        ST N25TH        ST S26TH        ST N26TH        ST S27TH        ST N27TH        ST S28TH        ST N28TH        ST S29TH        ST N29TH        ST S2ND         AV N2ND         AV S2ND         ST E2ND         ST W30TH        ST S31ST        ST N31ST        ST S3RD3RD         AV N3RD         AV S3RD         ST E3RD         ST N3RD         ST W4TH         AV N4TH         AV S4TH         ST E4TH         ST N4TH         ST W5TH         AV N5TH         AV S5TH         ST5TH         ST N6TH         AV N6TH         AV S6TH         ST N7TH         ST N7TH         ST S8TH         ST N9TH         ST N9TH         ST SA           STABBE        CTABINGDON    STACACIA      STACADEMY     DRACORN       DRADA         PLADAM        STADAMS       AVADAMS       AV NADAMS       AV SADAMS       BLADAMS       STADELINE     STADRIAN      STAGARWAL     DRAGRICOLA    DRAIR TERMINALDRAIRPORT     ROAIRPORT     RO NAIRPORT     RO SAKRON       STALAMO       CTALASKAALBANY      STALBERT      STALBION      ROALBOSTA     DRALBRECHT    DRALCONA      STALCOTT      DRALDER       DRALDORAN     ROALEXANDER   ST NALEXANDER   ST SALFRED      STALGER       STALICE       STALICE       ST EALICE       ST WALICIA      ROALLEGAN     STALLEN DR.ALLENDALE   DRALLISON     STALMA        CTALMA        STALMIRA      STALPINE      DRALTON       CTALURA       PLALVIN       STAMANDA      DRAMBASSADOR  DRAMBROSE     ROAMELIA      DRAMES        STAMHERST     STAMMAN       ROANDEN       PLANDERSON    ROANDERSON    STANDRE       ST NANDRE       ST SANDRESS     STANDREW      AVANDREW      DRANDREWS     ROANGEL       DRANGUS       DRANITA       DR EANITA       DR NANITA       DR SANN         STANN MARY    STANNCHESTER  DRANNESLEY    STAPOLLO      STAPPLE       STAPPLEWOODAPPOLD      DRAQUA        PLARBOR       LAARBORETUM   DRARBORETUM   DRNARBORETUM   DRSARBUTUS     DRARCHWOOD    DRARCLAIR     PLARDISARDMORE     PLARDUSSI     CTARDUSSI     STARDUSSI     ST WAREA        DRARLINGTON   DRARNETTE     STARNOLD      STARTHUR      STARVIN       DRARVIN       DR SASBURY      CTASH         STASHLAND     DRASHMAN      STASHTON      DRASHWOOD       WASHWOOD     DRNASPIN       STASTOR       STATHENS      STATHERTON    STATLANTA     STATWATER     STATWOOD      LAAUBURN      DR SAUBURN      DR WAUDUBON     DRAUGSBURG    STAUGUSTINE   STAULT        STAURELIA     CTAUSTIN      STAUTOMOTIVE CROAUTUMN      LAAVALON      AVAVON        STAYREB           STBACON       ROBAD RIVERBADGER      PLBADGER DRAINBAGLEY      STBAGSHAW     DRBAGSHAW     DR SBAILEY      STBAINES      DRBAKER       ROBAKER       STBAKER RD    OVBALDWIN     ROBALDWIN     STBALSAM      STBALTICBANNER      ROBANNING     PLBARBARA     LABARBEAU     DRBARBER      ROBARBERRY    LABARLLEY     DRBARNARD     ROBARNARD     STBARNET      STBARTOW      STBASELL      DREBASELL      DRNBASELL      DRSBASKINS     PLBASSWOOD    DRBATES       ST NBATES       ST SBAUER       DRBAUM        ST NBAUM        ST SBAY         ROBAY         STBAY SAGINAW ROBAYLOR      CTBAYWOOD     PLBEACON      DRBEAMISH       EBEAMISH     LAWBEAVER      ROBEAVER CREEKBECKER      ROBECKETT     PLBEDFORD     STBEECH       STBEECHWOOD   AVBEL AIR     STBELAIR      DRBELDING     STBELL        ROBELLANCA    DRBELLE       AV EBELLE       AV WBELLEVUE    AVBELMAR      DRBELMONT     PLBENDER      ROBENJAMIN    STBENKERT     ROBENNINGTON  DRBENSON      STBENTLEY     STBENTON      ROBERBEROVICH DRBERGER      ROBERKSHIRE   DR NBERKSHIRE   DR WBERL        DRBERNICE     DRBERRYWOODBERRYWOOD   DRNBERTHA      DRBERTRAM     DRBETHANY     STBEULAH      STBEVERLY     STBEWICK      AVBEYER       ROBEYER       RO NBEYER       RO SBEYERLEIN   STBIG BEARBINSCARTH   STBIRCHBIRCH       ROBIRCH       STBIRCH PARK  DRBIRCH RUNBIRCH RUN   RO EBIRCH RUN   RO WBIRCHCREST  DRBIRCHFIELD  ROBIRCHVIEW   ROBIRCHWOOD   DRBIRDSALL    DRBIRNEY      STBISHOP      ROBISMARCK    STBITTERSWEET LABLACKMAR    ROBLACKMORE   STBLAINE      ROBLAKE       STBLISS       STBLOCK       RO NBLOCK       RO SBLOOMFIELD  BLBLUEBERRY   LABLUEBERRY   PLBLUEBIRD    DRBLUMFIELD CRBOBENDICK   STBOCK        ROBOCKEE      STBOEDEL      ROBOEHLKE     STBOEING      DRBOND        ST NBOND        ST SBONDALYN    DRBONNY       DRBORLAND     AVBORTONBOSSWELL    DRBOWMAN S CLUBOXWOOD     STBRADENTONBRADFORD    DRBRADINGTON  ROBRADLEY     ROBRADLEY     STBRADY       STBRAMBLE     DRBRANCH BAD R   NBRANDON     PLBRANT       ROBRAY        ROBRENNAN     RO NBRENNAN     RO SBRENNAN RD.    SBRENNERBRENNER     STBRENTWOOD   STBRETTON     PLBRETTRAGER  ROBRIAN PAUL  DRBRIAN SCOTT PLBRIANFIELD  CTBRIAR HILL  LABRIARSON    DRBRIARWOOD   DRBRIARWOOD   LABRICKEL     DRBRIDGTON    ROBRIGGS      ROBRISTOL     DRBRISTOL     ST WBRO MOR     PLBRO MOR     STBROAD       ST EBROAD       ST WBROADWAY    STBROCKTON    PLBROCKWAY    PLBROCKWAY    ROBROCKWAY    STBROOK       DRBROOKFIELD  CTBROQUETTE   LABROUGHTON   ROBROWN       ROBROWN       STBRUCE       STBRUMGARTNER ROBRUNKOW     CTBRUNSWICK   BLBRYN MAWR   PLBUCK        ROBUCKTHORNE  DRBUDD        ROBUECHE      ROBUEKER      DRNBUEKER      DRWBULLOCK     STBUNDY       STBURBANK     DRBURLINGTON  DRBURMEISTER  DRBURNHAM     STBURNING TREEDRBURROWS     STBURT        RO EBURT        RO WBURT        STBUSCH       ROBUSH        ST EBUSH        ST WBUTLER      ROBUTTERNUT   ROC           STC AND O RAILCABARET     TRSCABARET     TRWCABOT       STCACTUS      DRCADILLAC    PLCAINWOOD    PLCALDWELL    STCALIFORNIA  AVCALUMET     DRCAMBREY     STCAMBRIDGE   PACAMDEN      DRCAMELOT     DRCAMELOT     LACAMMIN      DRCAMPBELL    LACAMPBELL    STCAMPUS      DRCANADA      RO ECANADA      WACANAL       STCANARY      DRCANDY       LACANTERBURY  DRCANTON      DRCANYON      DRCAPEHART    DRCAPITOL     ST ECAPITOL     ST WCARAVELLE   DRCARBER      DRCARDINAL    DRCARDINGTON  DRCARL        STCARLA       DRCARLISLE    STCARMEN      DRCARNEGIE    STCAROLAN     PLCAROLLTON   ROCARR        ROCARRIE MARIECTCARROLL     STCARROLLTON  ROCARROLLYN   LACARTER      STCARVAR      DRCARY        STCASCADE     DRCASEY       DRCASIMIR     STCASS        STCASS RIVERCASS RIVER  DRCATALINA    STCATALPACATHAY      STCATHEDRAL   DRCATHERINE   STCATTERFIELD LACECELIA     STCEDAR       STCENSUS TRACTCENTENNIAL  DRCENTER      DRCENTER      LACENTER      ROCENTER      RO NCENTER      RO SCENTER      STCENTER      ST WCENTER ST   BR WCENTER ST BR   WCENTER WOODSDRCENTER WOODSDRNCENTRAL     PLCENTURY     DRCHAFFEE     CTCHALET      DRCHALMERS    ROCHAPEL      DRECHAPEL      DRSCHAPIN      RO NCHAPIN      RO SCHAPMAN     ST NCHAPMAN     ST SCHARLES     STCHARLES     ST NCHARLES     ST SCHATHAM     DRCHEBOYGANINGCHENEY      STCHEROKEE    ROCHERRY      STCHERYL      STCHESANING   ROCHESANING   STCHESAPEAKE ACHESTERFIELDDRCHESTNUT    STCHEVEL      DRCHEYENNE    PLCHICAGO     STCHILTON     DRCHIPPEWA    CTCHIPPING NORLACHRISTY     DRCHRISTY     WACHRISTY     WAECHRISTY     WANCHRISTY     WAWCHURCH      STCHURCH      ST ECHURCH      ST WCHURCHGROVE ROCIMARRON    DRCIRCLE      DRCLAIRMOUNT  DRCLARA       DRCLARK       STCLARK       ST NCLARK       ST SCLARKE      STCLAUSEDALE  ROCLAYBURN    ROCLAYTOR     CTCLEAR LAKE  ROCLEMATIS    DRCLEMENT     CTCLEMENT     DRCLEMSON     CTCLEVELAND   STCLIFFORD    STCLINTON     STCLINTON     ST ECLINTON     ST WCLOVER      LACLOVER      PLCLUNIE      STCLUTIER     ROCLYDESDALE  LACOAL        STCOD         DRCOLDBROOK   ROCOLE        ROCOLLEGE     AVCOLLIER     ROCOLLINGWOOD AVCOLONIAL    DRCOLONY      BLCOLONY      DRNCOLONY      DRSCOLUMBINE   DRCOLVIN      ROCOMMERCE    DRCOMMERCIAL  STCOMMONWEALTHAVCOMPTON     STCONCORD     STCONGRESS    AVCONGRESS    STCONLEY      DRCONNIE      DRCONQUEST    STCONRAD      ROCONSTANCE   DRCONWAY      STCOOK        STCOOL CREEKCOOLIDGE    AVCOOPER      AVCORA        STCORALBERRY  ROCORCORAN    STCORNELIA    STCORNELL     ST ECORNELL     ST WCORNWALLCORRAL      DR ECORRAL      DR WCORUNNA     ROCORVAIR     LACOTTAGE GROVCTCOUNTRY     WANCOUNTRY     WASCOUNTRY     WAWCOUNTY LINE RO ECOURT       STCOURTLAND   PLCOURTNEY    ROCOVERED BRIDLACRAEMER     CTCRAEMER     DRCRANBROOK   DRCRANE       RO ECRANE       RO WCRANSTON    PLCRAPO       STCRAWFORDCREDENZA    ROCREDIT UNIONROCREEKWOOD   DRCREGO       BLCRESCENT    DRCRESSWELL   ROCRESTLANE   DRCRESTMONT   DRCRESWELL    STCRISTOM     PLCROFOOT     STCRONK       STCROOKED CREEDRCROSS       STCROW ISLAND ROCROWELL DR.CRUTCHFIELD DRCUMBERLAND  STCUPP        ROCUPP RD.CURTIS      RO ECURTIS      RO WCURVE       ROCURWOOD     ROCUSTER      STCYPRESS     STDALE        RODANA        DRDANNY       DRDARTMOUTH   DRDARWIN      LADATONA      RODAVENPORT   AVDAVID       STDAVIS       DRDAVIS       RODAWN          NDAWN          SDAWN        DREDAWN        DRWDAWSON      DRDAY         STDAYTON      STDEAD CREEKDEAN        RODEAN        STDEARBORN    STDEBORAH     DRDEER CREEKDEERFIELD   DRDEHMEL      RO NDEHMEL      RO SDEIBEL      DRDEINDORFER  STDEINER      RODEITERINGDELANEY     DRDELAUAN CT 2DELAWARE    BLDELAWARE    STDELEVAN     DRDELRAY      CTDELTA       DRDELTA       DR WDELWOODDEMPSEY     RODENBY       DRDEPAUL      PLDEPOTDESERT      DRDEVENSHIRE  RODEWBERRY    CTDEWBERRY    DRDEWHIRST    DRDEXTER      DRDEXTER      DR EDEXTER      DR WDIAMOND     STDIAMONDALE  DRDIAMONDALE  DR EDIAMONDALE  DR WDICE        RODICEGLIE    CTDICKINSON   DRDILLON      STDIRKER      RODITCH       RODIVISION    STDIXIE       CTDIXIE       HWDIXIE       RODOEHRINGDOERR       STDOGWOOD     DRDONCASTER   CT NDONCASTER   CT SDORO        LADORWOOD     RODOUGLAS     STDOUGLASS    STDOVER       PLDOW         PLDOWNING     RODOYLE       RODRAKE       DRDRAPER      DRDRESDEN     CTDREXEL      DRDUANE       DRDUNDALE     CTDUNDEE      DRDUNKIRK     DRDUNROVIN    DRDUPONT      STDURAND      CTDURAND      STDURUSSELL   DRDURUSSELL   LADUSTINE     DREDUSTINE     DRNDUSTINE     DRWDUTCH       RODUTTON      PLEARLHAM     DREAST        DREAST        ROEAST        STEAST COUNTY ROEASTGATE    CTEASTGATE    DREASTWOOD    CTEATON       STEDDY        STEDDY        ST NEDDY        ST SEDERER      ROEDGEWATER   STEDGEWOOD    ROEDGEWOOD    STEDISON      ROEDWARD      PLEGAN        STEIGHT MILE  ROEISCHER     ROELAINE      STELDER       LAELDORADO    DRELEANOR     AVELIZABETH   STELLIE       STELLSWORTH   STELMELM         STELM         ST NELM         ST SELMDALE     DRELMERS      DRELMHURST    STELMONTE     STELMPORT     STELMS        ROELMVIEW     CTELMWOOD     AVELMWOOD     DRELSIE       STEMERALD     DREMERICK     STEMERSON     STEMILY       STENDERLEY    LAENGINEER    DRENTERPRISE  CTENTERPRISE  DRERIC JAMES  CTERIE        STERNA        DRERNEST      STERWIN       STESSLING     STESTELLE     CTETHEL       STETON        PLEUCLID      STEVA         STEVANS       ROEVANS       STEVELYN      STEVERGREEN      NEVERGREEN      SEVERGREEN   LAEVERGREEN PADREVON        ROEXETER      PLEYMER       STEZRA RUST   DREZRA RUST ACFABIAN      DRFAIR        LAFAIR OAKS   DRFAIRCHILD CRFAIRCREST   LAFAIRFAX     STFAIRFIELD   STFAIRLANE    CTFAIRVIEW    STFAIRWAY     DRFARGO       PLFARMBROOK   DRFARMCRESTFARMER      STFARMINGTON  DRFARWELL     STFASHION     BLFASHION SQUABLFAYETTE     STFAYETTE     ST NFAYETTE     ST SFEDERAL     AVFEHN        ROFENMORE     RO NFENMORE     RO SFENTON      STFERDEN      ROFERGUS      ROFERNDALE    DRFIELD       STFIFTH       STFINCH       DRFIRESIDE    LAFIRETHORN   DRFIRST       STFIRST       ST NFIRST       ST SFISHER      DRFISHER      ST EFISHER      ST WFITZHUGH    STFIVE OAKS   DRFLANDERS    DRFLAXTON     DRFLEETWOOD   DRFLIGHT SERVIDRFLINT       ROFLINT       STFLINT       ST EFLINT       ST WFLINT RIVERFLORENCEFLORENCE    STFONTAINE    BLFORDNEY     RO NFORDNEY     RO SFORDNEY     STFOREST      STFORK BAD RIV   SFORSYTHE    ROFORT        ROFORTUNE     BLFOSS        DRFOSTER      ROFOURTH      STFOWLER      ROFOX GLEN    DRFRAHM       ROFRANCIS     DRFRANCIS     ST NFRANCIS     ST SFRANCONIAN  CTFRANCONIAN  DREFRANCONIAN  DRNFRANCONIAN  DRSFRANDSCHE   ROFRANK       ROFRANKLIN    AV NFRANKLIN    AV SFRANKLIN    STFRANKLIN    ST NFRANKLIN    ST SFRASER      STFRED        ROFREDERICK   STFREELAND    RO WFRESHMAN    DREFRESHMAN    DRNFRESHMAN    DRSFRITZLER    DRFROMM       DRFRONT       ST NFRONT       ST SFRONT ST.FROST       DR NFROST       DR SFROST       ROFROVAN      DRFRUEH       STFRY         RO WFULLER      STFULTON      STGABEL       ROGAGE        STGALAXY      DRGALLAGHER   STGALSTERER   WAGARDEN      LAGAREY       STGARFIELD    ROGARFIELD    STGARWOOD     DRGARY        RO EGARY        RO WGASLIGHT    LAGASPER      ROGASPER      STGATESBORO   DREGATESBORO   DRSGATESBORO   DRWGAYLORD     STGEDDES      ROGEM         ROGENESEE     AV EGENESEE     STGENESEE     ST EGENESEE     ST WGENESSEE    AV EGEORGE      STGEORGE DR.GEORGIAN    TEGERA        ROGERA        RO NGERHARD     CTGERMAIN     DRGEYER       STGHIA        CT SGILBERT     STGILLETTE    DRGILMORE     STGINGER      LAGLACIER     DRGLADSTONE   STGLADWIN     STGLASBY      STGLEANER     RO NGLEANER     RO SGLEN OAK    DR NGLEN OAK    DR SGLENDA      DRGLENDALE    AVGLENFIELD   DRGLENWOOD    AVGLOUCESTER  DR WGLOUCFESTER DR EGOETZ       STGOLF        STGOLFVIEW    DRGOOD        STGRABOWSKI   ROGRACE       CTGRACERIDGE  PLGRAEBNER    LAGRAHAM      ROGRAHAM      RO NGRAHAM      STGRANADA     LAGRAND TRUNKGRANGER     ST NGRANGER     ST SGRANT       STGRATIOT     AVGRATIOT     CTGRATIOT     ROGRATIOT     STGREEN       STGREEN ISLE  WAGREEN LEAF  CT EGREEN LEAF  CT WGREENBRIAR  DRGREENBUSH   PLGREENDALE   DR EGREENDALE   DR WGREENFIELD SGREENWAY ST.GREENWICH   STGREGORY     PLGREGORY     ST NGREGORY     ST SGRIFFORE    ROGRIFFUS CREEGRISSOM     CTGROTTO      ROGROUT       STGROVE       STGROVELAND   DRGUNZENHAUSENSTHAAS        ST NHAAS        ST SHACIENDA    CTHACK        ROHACKBERRY   STHACKETT     ROHAENLEIN    DRHALLMARK    CTHAMILTON    ST NHAMILTON    ST SHAMLET      DRHAMLET      DREHAMLET      DRNHAMLET      DRSHAMMOND     ROHAMPSHIRE   STHAMPTON     STHANCHETT    ROHANCHETT    STHANCOCK     STHANDLEY     STHANNUM      BLHANNUM      BL EHANNUM      BL WHANOVER     DRHARCOURT    ST EHAREHARLANHARLAN      CTHARNDEN     STHARNISCH    ROHAROLD      STHARRIS      ROHARRIS      STHARRISON    STHARRISON    ST NHARRISON    ST SHARRY       STHART        ROHARTFORD    DRHARTFORD    DR NHARTSOFF    STHARVEST     LAHARVEY      STHASTINGSHATCH RUNHAVANA      ROHAWTHORNE   DRHAYDEN      STHAYES       STHAYWARD     ROHAZELWOOD   AVHEATHER     LAHEIDI       LAHEINE       STHELEN       STHELGA       STHEMLOCK     RO NHEMLOCK     RO SHEMMETER    CTHEMMETER    ROHEMPHILL    DRHEMSTEAD    PLHENRY       DRHENRY       STHERBERT     STHERCULES    DRHERITAGE    DRHERMANSAU   STHERRINGTON  DRHERZOG      ROHESS        ROHESS        STHESS ST     OVHEYN        AVHIALEAH     LAHICKORY     LAHICKORY     STHIDDEN      LAHIGH        STHIGHLAND    DRHILAND      STHILL        STHILLCREST   DRHILLSHIRE   CTHILRAY      DRHILSDALE    PLHODGESHOLCOMB     STHOLDEN      STHOLLAND     AV EHOLLAND     ROHOLLAND     STHOLLAND     ST WHOLLY       LAHOLMES      STHOLZHIE     BLHOMEDALE    STHOMESTEAD   LAHOMEWOOD    DRHOOD        STHORNBEAM    LAHORSE STABLEROHORSESHOE CIDRHOSMER      ST EHOSMER      ST WHOSPITAL    ROHOTCHKISS   ROHOUGHTON    STHOULIHAN    ROHOWARD      STHOYT        AVHUBBELLHUBER       STHUBINGER    STHUDSON      STHUFFMAN DRAIHUGHES      STHULIEN      ROHULL        STHUMMEL      LAHUNTER      STHUNTLEY     CTHUNTLEY     ROHURON       STHUSEN       ROI 675       HWI- 675I- 75IMKER       DRINDIAN      TRINDIANA     AVINDIANTOWN  ROINDUSTRIALINGLEHART   STIOTA        PLIOWA        AVIRENE       STIRIS        DRIRONWOOD    STIRVING      STIRVING PARK AVIRVING PARK PLISLAND      DRITHACA      ROIVA         RO NIVA         RO SIVANHOE     DRIVY         STIVY HILL    LAJACKSON     STJACKSON     ST NJACQUELINE  STJADE        LAJAMESON     PLJAMESON     STJANES       AVJANES       ROJASMINE     DRJAY         STJEFFERS     STJEFFERSON   AVJEFFERSON   AV NJEFFERSON   AV SJEFFERSON   STJEFFERSON   ST EJEFFERSON   ST NJEFFERSON   ST WJEROME      STJIM         DRJO          DRJODY        DRJOHANN      DRJOHN        STJOHNS       DRJOHNSON     AVJOHNSON     STJOHNSON     ST EJOHNSON     ST NJOHNSON     ST SJOHNSON     ST WJOHNSTONE   ROJONES       ROJONES       ST EJONES       ST WJONQUIL     DRJORDAN      DRJORDAN      STJOSEPH      STJOSLIN      STJOY         ROJOYCE       DRJUDD        ROJULIA       STJULIANNE    DRJULIE       DRJULIUS      STJUNCTION    ROJUNIPER     LAKANSAS      AVKATHERINE   CTKAY         DRKEARNEY     DR EKEARNEY     DR NKELLY       DR SKENDRICK    STKENFORD     DR EKENFORD     DR NKENNELY     ROKENORA      DRKENSINGTON  DRKENT        STKENTON      DRKENWOOD     DRKERN        STKESSLER     DRKETCHAM     STKETTERING   ROKINGKING        ROKING        STKING RD     OVKINGSTON    DRKINNEY      BLKINNEY      ROKIPLING     DRKIRBY       STKIRKWOOD    DRKITTY       ROKLEINER     STKNIGHT      ROKNOX        STKOCHVILLE   RO EKOCHVILLE   RO WKOLLEN      STKRABBE      ROKRAENZLEIN  ROKRAFFT      CTKRAMER      ROKRATZ       PLKRIEGER     ROKRISDALE    DRKRISS       PLKRUEGER     PLKUHLMAN     DRLABELLE     DRLADD        ST ELADD        ST WLADUKE      ROLAKE        STLAKEFIELD   ROLAKEVIEWLAKEWOOD    DRLAMB CREEKLAMONT      PLLAMSON      STLANGE       ROLANSING     STLAPEER      AVLARCH       STLARRY TIM   DRLATHRUP     AVLAUCKNER    LALAUER       ROLAUREL      STLAURELWOOD  LALAURIE      LAELAURIE      LANLAURIE      LASLAURIE      LAWLAWNDALE    ROLAWRENCE    STLAWSON      STLEASIDE     DRLECKIE      LALECKIE      LA ELECKIE      LA WLEDDY       ROLEE         STLEO         STLEON SCOTT  CTLEONARD     STLEROY       CILESLIE      DRLESSANDRO   STLESSUR      STLETA        PLLEWIS       ROLEXINGTON   DRLIBERAL ARTSDRLIBERTY     ROLIBERTY     ST ELIBERTY     ST WLILY        STLIMBOCKER CRLIMERICK    STLINCOLN     AVLINCOLN     ROLINCOLN     STLINDA       AVLINDBERG    STLINDEN      PLLINE        STLINE        ST SLINGER      LALINTON      STLIONSHEAD   LALISA        STLISKOW      CTLIST        STLITTLE CEASEDRLITTLE JOHN ROLIVINGSTON  DRLLOYD       DRLOCKWOOD    STLOCUST      ROLOCUST      STLODGE       STLOGANBERRY  DRLONE        ROLONG MEADOW BLNLONGMEADOW  BLLOOMIS      STLORETTA     STLORRAINE    AVLOUISE      STLOVEN       ROLOWELL      AVLUANN       STLUELLA      AVLUNNEY      ROLUTHER      ROLYDIA       STLYNN        STLYNNDALE    STLYNWOOD     AVLYON        STMACK        ROMACKINAW    CTMACKINAW    ROMACKINAW    STMACRAE      DRMADELINE    STMADISON     STMAHAR       DR WMAHONEY     ST EMAHONEY     ST WMAIN        STMAIN        ST NMAIN        ST SMAINE       STMAITLAND    DRMALDEN      PLMALONE      ROMALZAHN     STMANGROVE    DRMANISTEE    STMANNION     ROMANSFIELD   PLMAPLEMAPLE       AVMAPLE       LAMAPLE       ROMAPLE       STMAPLE       ST EMAPLE       ST WMAPLE RIDGE ROMAPLE WOODS DRWMAPLEPORT   STMAPLEVIEW   CTMAPLEWOOD   AVMARBLE      WAMARCUS      DR EMARCUS      DR SMARGARET    ST EMARGARET    ST WMARION      ROMARION      STMARK        STMARLEA      STMARLOU      CTMARLYN      AVMARQUETTE   STMARSH CREEKMARSHALL    CTMARSHALL    ROMARTHA      STMARTIN LUTHEBLEMARTINDALE  STMARTZ       PLMARY        CTMARY        LAMARY LANE   CTMASON       ST NMASON       ST SMASTERS     AVMAXSON      DRMAYER       ROMAYFLOWER   DRMC ARTHUR   STMC BRIDE    STMC CARTY    ROMC CLELLAN RMC CLIGGOTT ROMC COSKRY   STMC DIVITT   CTMC DONAGH   DRMC EWAN     STMC GILL     STMC GRANDY   ROMC GREGOR   STMC INTOSH   ROMC KEIGHAN  ROMC KINLEY   ROMC LEOD     DR EMC LEOD     DR NMC LEOD     DR SMC NALLYMCKINLEY    STMEADE       STMEADOWBROOK DRMEADOWDALE  DRMEADOWLAWN  STMEDALLION   DRMELLINGER   CIMELLINGER   DRMELLINGER   DR EMELODY      LAMELROSE     STMELZE       ST NMELZE       ST SMEREDITH    STMERIDIAN    ROMERRILL     RO NMERRILL     RO SMERRILL     STMERSHON     STMETZGER     CTMEYER       PL SMEYERS      STMIAMI       STMICHAELANE  DRMICHELLE    PLMICHELLE    ST NMICHELLE    ST SMICHIGAN    AVMICHIGAN    AV NMICHIGAN    AV SMICHIGAN    AV WMICHIGAN    RO NMIDLAND     ROMIDLAND     ST NMIDLAND     ST SMIDWAY      STMIELKE      ROMILAN       CTMILFORD     DRMILL        STMILLARD     STMILLER      CTMILLER      RO NMILLER      RO SMILLER      STMILTON      STMIRIAM      DRMISSION     DRMISTEGUAY CRMISTEQUAY CRMITCHELL    STMONIKIN     CTMONMOUTH    STMONROE      STMONROE      ST NMONTANA     AVMONTERAY    AVMONTGOMERY  STMOORE       RO EMOORE       RO WMOORE       STMOORISH     ROMORAN       DRMORAN       STMORGAN      STMORLEY      DRMORRIS      STMORROW      ROMORSEVILLE  ROMORSON      ST NMORSON      ST SMOTT        STMOUNT VERNONROMUELLER     CTMUELLER     RO NMUELLER     RO SMUIRHEAD    DRMUIRHEAD    ROMULGRAVE    DRMUNGER      ROMYSLVIA     DRNAHMONIE    DRNARCISSUS   DRNARLOCH     STNAVAJO      TRNAVAJO      TR ENAVAL RESERVDRNEBRASKA    AVNEEDHAM     STNEITLING    STNELSON      RONEW YORK CENNEWBERRY    STNEWBRIGHT   PLNEWTON      STNIAGARA     ST NNIAGARA     ST SNIBLOK      RONICHOLS     RONICKLESS    STNICOL       STNIMITZ      STNIMONS      STNIVER       RONODULAR     DRNORBERT     LANORMA JEAN  DRNORMAN      STNORTH       STNORTH CAROLISTNORTH DR.NORTHMOOR   RONORTHPORT   STNORTHRIDGE  DRNORTHVIEW   DRNORTHWEST   DRNORTHWOOD   PLNORTHWOOD CRNORWICH     STNOTTINGHAM  DRENOTTINGHAM  DRNNYC RAILROADO HARA      ROO HERN      ROO TOOLE     DRNOAK         STOAK         WAOAK LEAFOAK MEADOW  DROAKLEY      ROOAKLEY      ST NOAKLEY      ST SOAKRIDGE    LAOAKWOOD     AVOHIO        AV SOJIBWAY ISLADROLIVE TREE  DRONYX        LAORANGE      STORCHARD     CTORR         RO NORR         RO SORTH        ROORTMAN      STOSBORN      STOSCODA      STOSLER       AVOTSEGO      ROOTTAWA      BLOTTAWA      STOTTO        STOUTER       DROUTER       DR EOUTER       DR NOUTER       DR SOUTER DRIVE CTOWEN        STPACELLI     STPACHUTA     STPACKARD     DR EPACKARD     DR WPAGE        PLPALATIAL    DRPANGBORN    ROPARISH      PLPARKPARK        AV NPARK        AV SPARK        ROPARKER      STPARKSIDE    CTPARKSIDE    LAPARKWAY     DRPARKWOOD    AVPARSONS     ST NPARSONS     ST SPASSOLT     STPATRICIA    PLPATTIE CREEKPAULINE     STPAWLICK DR.PAYSON      ROPEALE       DRPEARL       STPEET        ROPERCHPERKIN      ST EPERRY       STPETER       DRPETERSON    STPETTIBONE   AVPETTIT      ROPHELON      STPHILIP      STPHILO       STPHOENIX     STPICKEREL CREPIERCE      ROPIKE        DRPILGRIM     DRPINE        STPINE RIDGE  ROPINE RUNPINEPORT    STPINEVIEW    DR EPINEVIEW    DR SPINEVIEW    DR WPINEWOOD    DRPIPER       DRPITCAIRNIA  ROPIUS        STPLAINFIELD  CTPLANTATION  DRPLEASANT    STPLEASANTVIEWDRPLYMOUTH    DRPOELLET     STPOINSETTIA  DRPOINTER     DRPONDEROSA   DRPORLAS      PLPORTER      ST NPORTER      ST SPORTSMOUTH  RO NPORTSMOUTH  RO SPOST        STPOTATOE CREEPOTTER      STPOWLEY      DRPRESCOTT    AVPRESCOTT    CTPRESTWICK   DRPRETZER     ROPRIOR       ROPROSPECT    STPRUESS      ROPURDUE      STQUARTZ ISLEQUEEN       DRQUEEN       STRADEWAHN    RORAMBLING    DRRANDOLPH    STRANIER      STRATHBUN     RO ERATHBUN     RO WRAUCHOLZ    RO NRAUCHOLZ    RO SRAY         STREDBROOKREDWOOD     DRREESE       ROREESE       RO SREIMER      RO NREIMER      RO SREINBOLD    RORELLIS      STREMINGTON   ST EREMINGTON   ST WRENATA      PLREPPUHN     DRRESERVE     STREVERE      DRREYNICK     AVRIBBLE      STRICA        RORICH        RORIDGE       RORING        RORING        STRITTER      RORIVER       RO NRIVER       RO SRIVER       STRIVERVIEW   DRRIVERVIEW   ROROANOKE     STROBERGE     STROBERTS     STROBIN       CTROBIN       DRROBINWOOD   AVROEDEL      ROROESER      STROLLING GREEPLRONALD      DRRONRICK     PLRONRICK     PLERONRICK     PLNRONRICK     PLSROOK        WAROOSEVELT   ROROSE        LAROSEDALE    PLROSEHILLROSEWOOD    DRROWAN       PLROY         DRRUCKLE      STRUFF        RORUNNEL DRAINRUPPRECHT   CTRUSHMORE    STRUSKVIEW    DRRUSSELL     STRUST        STRUST STREET BRRYAN        ROSAGE        LASAGINAW     AVSAGINAW     STSAGINAW     ST ESAGINAW     ST NSAGINAW     ST WSAHR        ROSAKEY       DRSALMON      DRSALT        STSAMUEL      DRSANDERS     DRSARATOGA    LASARLE       ROSAUK        LASAXTON      DRSAYLER      DRSCARLET OAK DRSCENIC      DRSCENIC      DRESCHAEFER    STSCHAUMAN    DRSCHLEIER    ST ESCHLEIER    ST WSCHNEIDER   STSCHOMAKER   ROSCHROEDER   ROSCHUST      ROSCHUST      STSCOFIELD    DRSCOTT       ROSEAGREEN    DRSECOND      STSEIDEL      PLSEMINOLE    LASEVENTH     STSEYMOUR     ROSHADY OAKSSHADY PINE  LASHAGBARK    DRSHANE       CTSHARP       STSHASTASHATTUCK    ROSHATTUCK ARMBLSHAWN       DR ESHAWN       DR NSHAWN       DR SSHELDON     DRSHELLEY     CTSHEPARD     STSHERIDAN    AVSHERIDAN    ROSHERIDAN    RO SSHERMAN     ROSHERMAN     STSHERWOOD    STSHORT       ROSHREVE      DRSIERRA      DRSIMON       DRSIMONEAU    STSIOUX       PLSIXTH       STSKYHAVEN    CTSKYHAVEN    DRSLOAN       RO WSMITH       STSMITH DRAINSNOWBERRY   DRSNOWY       LASOMERSET    ROSOMMERS     ROSONDRA      STSOUTH       DRSOUTH       STSOUTH CAROLISTSOUTHFIELD  CTSOUTHFIELD  DRSOUTHWOOD   DRSPENCER     ROSPRINGBROOKSPRUCE      STSPRUCE      ST ESPRUCE      ST WSQUIRE      DRST ANDREWS  ROST MARYS    DRSTANLEY     STSTARK       DR ESTARK       DR NSTARK       DR WSTARK       STSTATE       ROSTATE       STSTATE HWY 13STATE HWY 15STATE HWY 46STATE HWY 47STATE HWY 52STATE HWY 54STATE HWY 57STATE HWY 81STATE HWY 83STEEL       RO NSTEEL       RO SSTEPHENS    STSTILL MEADOWDRSTINSON     DRSTOKER      DRSTONE       STSTONEBRIDGE   ESTONEBRIDGE   NSTONEHAM    ROSTONEYBROOK DRSTORCH      STSTORK       ROSTOUT       STSTRATHMOOR  STSTRIETER    DRSTROEBEL    ROSTUART      ROSTUDOR      ROSUE         CTSUE         STSULLIVAN    DRSUMMER      LASUNBURST    CTSUNBURST    DRSUPERIOR    STSUSANNE     STSUTTON      STSWAN CREEKSWAN CREEK  ROSWARTHOUT   DRSWEET       STSWEETBRIAR  DRSYCAMORE    STTAGGETTTATHAM      ROTAUSEND     STTEFT        ROTENTH       STTERRY       ROTHATCHER    STTHAYER      STTHIRD       STTHISTLE     DRTHOMAS      RO NTHOMAS      RO STHOMPSON    STTHREASA     STTHROOP      STTHURBER     STTILDON      DRTITTABAWASEETITTABAWASEEROTITTABAWASSETITTABAWASSEROTITTABAWASSERO WTOM CRESWELLROTOWERLINE   ROTOWERLINE   RO NTOWERLINE   RO STRAUM       DRTREANOR     STTRIER       STTRINKLEIN   ROTULANE      STTULLER      PLTURNER      ROTUSCOLA     ROTUSCOLA     STTUSCOLA     ST ETUSCOLA     ST WUNION       STVALLEY      DRVAN BUREN   STVAN ETTEN   STVAN WAGONER DRVATES          EVEAN        STVERMONT     STVERNON      STVETERANS MEMPKVILLAGE     DRVINCENT     STVINE        STVOLKMER     ROWABASH      STWACKER      ROWADSWORTH   AVWAKE        STWALCOTT     STWALL        STWALLER      STWALNUT      STWALNUT      ST EWALTERS     DRWARNER      ROWARREN      AVWARREN      AV NWARREN      STWARTENBURG  ROWARWICK     STWASHINGTON  AVWASHINGTON  AV NWASHINGTON  AV SWASHINGTON  RO EWASHINGTON  RO SWASHINGTON  ST NWATER       STWATER       ST EWATER       ST NWATERFORD   DRWATERLOO    DRWATSON      ROWAYSIDE     DR NWEADOCK     AVWEADOCK     AV NWEBBER      STWEBSTER     ST NWEBSTER     ST SWEISS       STWELLESLEY   DRWELLINGTON  STWESTERVELT  AV SWESTERVELT  ROWESTVIEW    CTWESTWOOD    DRWESTWOOD    DR NWEXFORD     DRWEXFORD     DR NWHEELER     ST NWHEELER     ST SWICKLOW     CTWILKINS     STWILLIAMS    STWILLIAMSON  ROWILLIAMSON  STWINFIELD    DRWINTERGREEN DREWINTERGREEN DRNWINTERGREEN DRSWOOD        ST NWOODBRIDGE  ST NWURTSEL     DRSZEHNDER     CT